Method,Avg_Cost,Avg_Failures,Utilization_Pct,Count
ADP,5170.760890001782,1.5038,4.340788565191529,100
Genetic,7338.944410203138,3.4947000000000004,4.130506601118196,100
Greedy,13301.803192140673,9.5304,3.5711280393508025,100
MCTS,23849.229714210127,20.2837,32.95733543289156,100
MCTS_Hybrid,20147.319590278224,16.3237,39.786893222395285,100
MCTS_Improved,24228.512983216307,21.120900000000002,38.26225428292708,100
ORTools,3400.727467179795,0.2536,4.4836257227387275,100
RL,4318.276449923412,0.536,4.44825087313206,100
