Method,Avg_Cost,Avg_Failures,Utilization_Pct,Count
ADP,3717.360890001782,1.5038,4.340788565191529,100
Greedy,13301.803192140673,9.5304,3.5711280393508025,100
ORTools,3400.727467179795,0.2536,4.4836257227387275,100
