{
    "instance_file": "N020_V015_I073.json",
    "policy_type": "ADP_Master_Policy",
    "metrics": {
        "mean_total_cost": 1448.4241047138273,
        "std_total_cost": 22.053196954855853,
        "mean_missed_customers": 1.0,
        "mean_hard_late_penalties": 0.0,
        "mean_service_time": 188.176484205448,
        "fleet_utilization": 0.026135622806312223
    }
}