{
    "instance_file": "N020_V010_I063.json",
    "policy_type": "ADP_Master_Policy",
    "metrics": {
        "mean_total_cost": 1335.4173600217216,
        "std_total_cost": 448.1410304925594,
        "mean_missed_customers": 0.04,
        "mean_hard_late_penalties": 0.26,
        "mean_service_time": 195.49545100779287,
        "fleet_utilization": 0.04072821895995685
    }
}