{
    "instance_file": "N020_V005_I067.json",
    "policy_type": "ADP_Master_Policy",
    "metrics": {
        "mean_total_cost": 997.1316439741179,
        "std_total_cost": 309.5763297311801,
        "mean_missed_customers": 1.96,
        "mean_hard_late_penalties": 0.1,
        "mean_service_time": 177.76146854851265,
        "fleet_utilization": 0.07406727856188028
    }
}