{
    "instance_file": "N020_V015_I087.json",
    "policy_type": "ADP_Master_Policy",
    "metrics": {
        "mean_total_cost": 1411.1210029155743,
        "std_total_cost": 8.090104781827964,
        "mean_missed_customers": 1.0,
        "mean_hard_late_penalties": 0.0,
        "mean_service_time": 191.77211090377554,
        "fleet_utilization": 0.026635015403302157
    }
}