{
    "instance_file": "N020_V015_I080.json",
    "policy_type": "ADP_Master_Policy",
    "metrics": {
        "mean_total_cost": 1497.7216890445882,
        "std_total_cost": 6.785891964218438,
        "mean_missed_customers": 2.0,
        "mean_hard_late_penalties": 0.0,
        "mean_service_time": 178.08524045444838,
        "fleet_utilization": 0.024734061174228942
    }
}