{
    "instance_file": "N020_V015_I069.json",
    "policy_type": "ADP_Master_Policy",
    "metrics": {
        "mean_total_cost": 1350.9177483061599,
        "std_total_cost": 6.819455853652543,
        "mean_missed_customers": 2.0,
        "mean_hard_late_penalties": 0.0,
        "mean_service_time": 180.12850550308067,
        "fleet_utilization": 0.025017847986538982
    }
}