{
    "instance_file": "N020_V015_I051.json",
    "policy_type": "ADP_Master_Policy",
    "metrics": {
        "mean_total_cost": 1591.801382388885,
        "std_total_cost": 7.281910173069722,
        "mean_missed_customers": 1.0,
        "mean_hard_late_penalties": 0.0,
        "mean_service_time": 187.0424395458249,
        "fleet_utilization": 0.02597811660358679
    }
}