{
    "instance_file": "N020_V005_I086.json",
    "policy_type": "ADP_Master_Policy",
    "metrics": {
        "mean_total_cost": 1414.8469242997337,
        "std_total_cost": 683.5074293026196,
        "mean_missed_customers": 2.1,
        "mean_hard_late_penalties": 0.54,
        "mean_service_time": 175.54675464751082,
        "fleet_utilization": 0.07314448110312952
    }
}