{
    "instance_file": "N020_V010_I090.json",
    "policy_type": "ADP_Master_Policy",
    "metrics": {
        "mean_total_cost": 1214.1230927938786,
        "std_total_cost": 20.624027336466035,
        "mean_missed_customers": 0.0,
        "mean_hard_late_penalties": 0.0,
        "mean_service_time": 200.56019343776822,
        "fleet_utilization": 0.04178337363286838
    }
}