{
    "instance_file": "N020_V010_I091.json",
    "policy_type": "ADP_Master_Policy",
    "metrics": {
        "mean_total_cost": 1358.7603802827982,
        "std_total_cost": 9.618879322111967,
        "mean_missed_customers": 0.0,
        "mean_hard_late_penalties": 0.0,
        "mean_service_time": 200.28643032196504,
        "fleet_utilization": 0.04172633965040939
    }
}