{
    "instance_file": "N020_V010_I058.json",
    "policy_type": "ADP_Master_Policy",
    "metrics": {
        "mean_total_cost": 1244.259059195052,
        "std_total_cost": 16.489681978050193,
        "mean_missed_customers": 0.0,
        "mean_hard_late_penalties": 0.0,
        "mean_service_time": 197.9447336226883,
        "fleet_utilization": 0.04123848617139339
    }
}