{
    "instance_file": "N020_V015_I006.json",
    "policy_type": "ADP_Master_Policy",
    "metrics": {
        "mean_total_cost": 1399.002793256552,
        "std_total_cost": 10.080325672969831,
        "mean_missed_customers": 1.0,
        "mean_hard_late_penalties": 0.0,
        "mean_service_time": 189.62667729868414,
        "fleet_utilization": 0.02633703851370613
    }
}