{
    "instance_file": "N020_V010_I064.json",
    "policy_type": "ADP_Master_Policy",
    "metrics": {
        "mean_total_cost": 1434.9343626355958,
        "std_total_cost": 25.31880806124721,
        "mean_missed_customers": 0.0,
        "mean_hard_late_penalties": 0.0,
        "mean_service_time": 198.1877369667474,
        "fleet_utilization": 0.041289111868072374
    }
}