{
    "instance_file": "N020_V010_I085.json",
    "policy_type": "ADP_Master_Policy",
    "metrics": {
        "mean_total_cost": 1307.1538963977641,
        "std_total_cost": 15.230697036980839,
        "mean_missed_customers": 0.0,
        "mean_hard_late_penalties": 0.0,
        "mean_service_time": 200.98090744644,
        "fleet_utilization": 0.041871022384675
    }
}