{
    "instance_file": "N020_V015_I049.json",
    "policy_type": "ADP_Master_Policy",
    "metrics": {
        "mean_total_cost": 1548.165757241267,
        "std_total_cost": 14.143861232775055,
        "mean_missed_customers": 1.12,
        "mean_hard_late_penalties": 0.0,
        "mean_service_time": 191.40088594756372,
        "fleet_utilization": 0.02658345638160607
    }
}