{
    "instance_file": "N020_V015_I055.json",
    "policy_type": "ADP_Master_Policy",
    "metrics": {
        "mean_total_cost": 1604.0826759252345,
        "std_total_cost": 22.628007259713147,
        "mean_missed_customers": 0.0,
        "mean_hard_late_penalties": 0.0,
        "mean_service_time": 198.13249378821718,
        "fleet_utilization": 0.027518401915030164
    }
}