{
    "instance_file": "N020_V010_I013.json",
    "policy_type": "ADP_Master_Policy",
    "metrics": {
        "mean_total_cost": 1341.5513389435782,
        "std_total_cost": 8.619436258006425,
        "mean_missed_customers": 0.0,
        "mean_hard_late_penalties": 0.0,
        "mean_service_time": 200.6593882236232,
        "fleet_utilization": 0.04180403921325484
    }
}