{
    "instance_file": "N020_V005_I077.json",
    "policy_type": "ADP_Master_Policy",
    "metrics": {
        "mean_total_cost": 935.7125665586186,
        "std_total_cost": 218.3788718434608,
        "mean_missed_customers": 1.7,
        "mean_hard_late_penalties": 0.04,
        "mean_service_time": 184.61973119650895,
        "fleet_utilization": 0.0769248879985454
    }
}