{
    "instance_file": "N020_V010_I078.json",
    "policy_type": "ADP_Master_Policy",
    "metrics": {
        "mean_total_cost": 1308.153335387927,
        "std_total_cost": 13.256059691709325,
        "mean_missed_customers": 1.0,
        "mean_hard_late_penalties": 0.0,
        "mean_service_time": 191.1139756069101,
        "fleet_utilization": 0.03981541158477293
    }
}