{
    "instance_file": "N020_V010_I079.json",
    "policy_type": "ADP_Master_Policy",
    "metrics": {
        "mean_total_cost": 1388.2969415249952,
        "std_total_cost": 17.3162841112837,
        "mean_missed_customers": 0.02,
        "mean_hard_late_penalties": 0.0,
        "mean_service_time": 199.81069845199934,
        "fleet_utilization": 0.04162722884416653
    }
}