{
    "instance_file": "N020_V015_I089.json",
    "policy_type": "ADP_Master_Policy",
    "metrics": {
        "mean_total_cost": 1348.4056919362556,
        "std_total_cost": 7.909233988403862,
        "mean_missed_customers": 1.0,
        "mean_hard_late_penalties": 0.0,
        "mean_service_time": 192.7045051857341,
        "fleet_utilization": 0.026764514609129736
    }
}