{
    "instance_file": "N020_V015_I045.json",
    "policy_type": "ADP_Master_Policy",
    "metrics": {
        "mean_total_cost": 1384.5544325117862,
        "std_total_cost": 6.226990853418272,
        "mean_missed_customers": 2.0,
        "mean_hard_late_penalties": 0.0,
        "mean_service_time": 181.6662835700117,
        "fleet_utilization": 0.025231428273612737
    }
}