{
    "instance_file": "N020_V010_I024.json",
    "policy_type": "ADP_Master_Policy",
    "metrics": {
        "mean_total_cost": 1234.3345890197552,
        "std_total_cost": 31.278451289677875,
        "mean_missed_customers": 0.0,
        "mean_hard_late_penalties": 0.0,
        "mean_service_time": 199.55762080863352,
        "fleet_utilization": 0.04157450433513198
    }
}