{
    "instance_file": "N050_V025_I034.json",
    "policy_type": "ADP_Master_Policy",
    "metrics": {
        "mean_total_cost": 3376.7252161591714,
        "std_total_cost": 26.897579695364353,
        "mean_missed_customers": 0.0,
        "mean_hard_late_penalties": 0.0,
        "mean_service_time": 498.36811541663775,
        "fleet_utilization": 0.04153067628471981
    }
}