{
    "instance_file": "N050_V025_I096.json",
    "policy_type": "ADP_Master_Policy",
    "metrics": {
        "mean_total_cost": 3262.403704645094,
        "std_total_cost": 19.104753184723574,
        "mean_missed_customers": 0.02,
        "mean_hard_late_penalties": 0.0,
        "mean_service_time": 502.1723739138761,
        "fleet_utilization": 0.04184769782615634
    }
}