{
    "instance_file": "N050_V038_I037.json",
    "policy_type": "ADP_Master_Policy",
    "metrics": {
        "mean_total_cost": 3765.3594817070593,
        "std_total_cost": 64.86711044026647,
        "mean_missed_customers": 1.56,
        "mean_hard_late_penalties": 0.0,
        "mean_service_time": 485.57296431358503,
        "fleet_utilization": 0.026621324797893916
    }
}