{
    "instance_file": "N050_V025_I003.json",
    "policy_type": "ADP_Master_Policy",
    "metrics": {
        "mean_total_cost": 3191.8602052226797,
        "std_total_cost": 23.5327467048641,
        "mean_missed_customers": 0.0,
        "mean_hard_late_penalties": 0.0,
        "mean_service_time": 501.1612412844651,
        "fleet_utilization": 0.04176343677370543
    }
}