{
    "instance_file": "N050_V025_I061.json",
    "policy_type": "ADP_Master_Policy",
    "metrics": {
        "mean_total_cost": 2915.1873119049096,
        "std_total_cost": 27.766739455339827,
        "mean_missed_customers": 0.0,
        "mean_hard_late_penalties": 0.0,
        "mean_service_time": 500.276307251991,
        "fleet_utilization": 0.04168969227099925
    }
}