{
    "instance_file": "N050_V025_I056.json",
    "policy_type": "ADP_Master_Policy",
    "metrics": {
        "mean_total_cost": 3311.5986502244655,
        "std_total_cost": 40.13412475857685,
        "mean_missed_customers": 0.0,
        "mean_hard_late_penalties": 0.0,
        "mean_service_time": 497.3613548850507,
        "fleet_utilization": 0.04144677957375422
    }
}