{
    "instance_file": "N050_V025_I039.json",
    "policy_type": "ADP_Master_Policy",
    "metrics": {
        "mean_total_cost": 3282.1758096724366,
        "std_total_cost": 30.113389179694288,
        "mean_missed_customers": 0.0,
        "mean_hard_late_penalties": 0.0,
        "mean_service_time": 502.47016144403324,
        "fleet_utilization": 0.041872513453669435
    }
}