{
    "instance_file": "N050_V038_I026.json",
    "policy_type": "ADP_Master_Policy",
    "metrics": {
        "mean_total_cost": 3417.8977394588496,
        "std_total_cost": 18.614747696852895,
        "mean_missed_customers": 3.0,
        "mean_hard_late_penalties": 0.0,
        "mean_service_time": 469.7308783041851,
        "fleet_utilization": 0.025752789380711905
    }
}