{
    "instance_file": "N050_V025_I060.json",
    "policy_type": "ADP_Master_Policy",
    "metrics": {
        "mean_total_cost": 2982.2178469713954,
        "std_total_cost": 25.152768847858994,
        "mean_missed_customers": 0.0,
        "mean_hard_late_penalties": 0.0,
        "mean_service_time": 498.8795014117367,
        "fleet_utilization": 0.04157329178431139
    }
}