{
    "instance_file": "N050_V025_I066.json",
    "policy_type": "ADP_Master_Policy",
    "metrics": {
        "mean_total_cost": 3117.3840273717437,
        "std_total_cost": 150.60158745114316,
        "mean_missed_customers": 0.52,
        "mean_hard_late_penalties": 0.02,
        "mean_service_time": 491.8226246177242,
        "fleet_utilization": 0.04098521871814369
    }
}