{
    "instance_file": "N050_V038_I012.json",
    "policy_type": "ADP_Master_Policy",
    "metrics": {
        "mean_total_cost": 3772.854924034527,
        "std_total_cost": 19.16212036519892,
        "mean_missed_customers": 2.0,
        "mean_hard_late_penalties": 0.0,
        "mean_service_time": 484.9038323573051,
        "fleet_utilization": 0.026584639931869797
    }
}