{
    "instance_file": "N050_V025_I040.json",
    "policy_type": "ADP_Master_Policy",
    "metrics": {
        "mean_total_cost": 3242.3697178825737,
        "std_total_cost": 240.52732307138677,
        "mean_missed_customers": 0.32,
        "mean_hard_late_penalties": 0.06,
        "mean_service_time": 504.6846299631904,
        "fleet_utilization": 0.042057052496932534
    }
}