{
    "instance_file": "N050_V025_I015.json",
    "policy_type": "ADP_Master_Policy",
    "metrics": {
        "mean_total_cost": 3174.372859257866,
        "std_total_cost": 16.73973696353121,
        "mean_missed_customers": 1.0,
        "mean_hard_late_penalties": 0.0,
        "mean_service_time": 490.9568639757859,
        "fleet_utilization": 0.04091307199798216
    }
}