{
    "instance_file": "N050_V025_I054.json",
    "policy_type": "ADP_Master_Policy",
    "metrics": {
        "mean_total_cost": 3196.88694374291,
        "std_total_cost": 31.176380337749134,
        "mean_missed_customers": 0.0,
        "mean_hard_late_penalties": 0.0,
        "mean_service_time": 500.53338685366776,
        "fleet_utilization": 0.04171111557113898
    }
}