{
    "instance_file": "N050_V013_I025.json",
    "policy_type": "ADP_Master_Policy",
    "metrics": {
        "mean_total_cost": 2212.5282774561692,
        "std_total_cost": 310.0002531548551,
        "mean_missed_customers": 3.78,
        "mean_hard_late_penalties": 0.1,
        "mean_service_time": 461.2231036814509,
        "fleet_utilization": 0.07391395892330943
    }
}