{
    "instance_file": "N050_V025_I081.json",
    "policy_type": "ADP_Master_Policy",
    "metrics": {
        "mean_total_cost": 3191.492370341348,
        "std_total_cost": 30.551821708514215,
        "mean_missed_customers": 0.0,
        "mean_hard_late_penalties": 0.0,
        "mean_service_time": 498.02678324146416,
        "fleet_utilization": 0.04150223193678868
    }
}