{
    "instance_file": "N050_V038_I075.json",
    "policy_type": "ADP_Master_Policy",
    "metrics": {
        "mean_total_cost": 4259.902675667386,
        "std_total_cost": 29.744815638180448,
        "mean_missed_customers": 0.26,
        "mean_hard_late_penalties": 0.0,
        "mean_service_time": 496.4095748189652,
        "fleet_utilization": 0.02721543721595204
    }
}