{
    "instance_file": "N050_V025_I062.json",
    "policy_type": "ADP_Master_Policy",
    "metrics": {
        "mean_total_cost": 3173.1997998303846,
        "std_total_cost": 148.8103785754214,
        "mean_missed_customers": 0.0,
        "mean_hard_late_penalties": 0.02,
        "mean_service_time": 498.3477114987467,
        "fleet_utilization": 0.041528975958228895
    }
}