{
    "instance_file": "N050_V038_I046.json",
    "policy_type": "ADP_Master_Policy",
    "metrics": {
        "mean_total_cost": 4068.244121771587,
        "std_total_cost": 59.37774066184661,
        "mean_missed_customers": 0.36,
        "mean_hard_late_penalties": 0.0,
        "mean_service_time": 498.31258682270476,
        "fleet_utilization": 0.027319769014402674
    }
}