{
    "instance_file": "N050_V038_I032.json",
    "policy_type": "ADP_Master_Policy",
    "metrics": {
        "mean_total_cost": 4090.071092392333,
        "std_total_cost": 23.68762754807723,
        "mean_missed_customers": 0.04,
        "mean_hard_late_penalties": 0.0,
        "mean_service_time": 503.6251575433276,
        "fleet_utilization": 0.027611028374085942
    }
}