{
    "instance_file": "N050_V025_I095.json",
    "policy_type": "ADP_Master_Policy",
    "metrics": {
        "mean_total_cost": 3239.39247063755,
        "std_total_cost": 272.9729661386445,
        "mean_missed_customers": 0.0,
        "mean_hard_late_penalties": 0.08,
        "mean_service_time": 500.6309613239206,
        "fleet_utilization": 0.04171924677699338
    }
}