{
    "instance_file": "N050_V025_I097.json",
    "policy_type": "ADP_Master_Policy",
    "metrics": {
        "mean_total_cost": 3125.0525777928124,
        "std_total_cost": 37.02999162309445,
        "mean_missed_customers": 0.0,
        "mean_hard_late_penalties": 0.0,
        "mean_service_time": 498.1024731061167,
        "fleet_utilization": 0.04150853942550972
    }
}