{
    "instance_file": "N100_V025_I005.json",
    "policy_type": "ADP_Master_Policy",
    "metrics": {
        "mean_total_cost": 3885.9733254346897,
        "std_total_cost": 250.57172938865875,
        "mean_missed_customers": 9.16,
        "mean_hard_late_penalties": 0.06,
        "mean_service_time": 910.5129363636557,
        "fleet_utilization": 0.07587607803030465
    }
}