{
    "instance_file": "N100_V050_I007.json",
    "policy_type": "ADP_Master_Policy",
    "metrics": {
        "mean_total_cost": 6266.723090796403,
        "std_total_cost": 31.585968386190775,
        "mean_missed_customers": 0.0,
        "mean_hard_late_penalties": 0.0,
        "mean_service_time": 996.5571854471502,
        "fleet_utilization": 0.04152321606029793
    }
}