{
    "instance_file": "N100_V050_I068.json",
    "policy_type": "ADP_Master_Policy",
    "metrics": {
        "mean_total_cost": 6306.062362177176,
        "std_total_cost": 26.864885109992464,
        "mean_missed_customers": 0.0,
        "mean_hard_late_penalties": 0.0,
        "mean_service_time": 1002.8013682335123,
        "fleet_utilization": 0.04178339034306301
    }
}