{
    "instance_file": "N100_V025_I008.json",
    "policy_type": "ADP_Master_Policy",
    "metrics": {
        "mean_total_cost": 4352.5172895324595,
        "std_total_cost": 488.7495842852891,
        "mean_missed_customers": 7.58,
        "mean_hard_late_penalties": 0.26,
        "mean_service_time": 920.63437149844,
        "fleet_utilization": 0.07671953095820333
    }
}