{
    "instance_file": "N100_V050_I009.json",
    "policy_type": "ADP_Master_Policy",
    "metrics": {
        "mean_total_cost": 6293.761541945286,
        "std_total_cost": 256.57800276129086,
        "mean_missed_customers": 0.34,
        "mean_hard_late_penalties": 0.06,
        "mean_service_time": 997.9713264973648,
        "fleet_utilization": 0.041582138604056865
    }
}