{
    "instance_file": "N100_V050_I098.json",
    "policy_type": "ADP_Master_Policy",
    "metrics": {
        "mean_total_cost": 6430.958889663727,
        "std_total_cost": 383.7886121822564,
        "mean_missed_customers": 0.0,
        "mean_hard_late_penalties": 0.18,
        "mean_service_time": 992.1905907943135,
        "fleet_utilization": 0.04134127461642973
    }
}