{
    "instance_file": "N100_V075_I047.json",
    "policy_type": "ADP_Master_Policy",
    "metrics": {
        "mean_total_cost": 7837.7752223154985,
        "std_total_cost": 167.30457723916902,
        "mean_missed_customers": 1.64,
        "mean_hard_late_penalties": 0.02,
        "mean_service_time": 982.0807973343706,
        "fleet_utilization": 0.02728002214817696
    }
}