{
    "instance_file": "N100_V050_I076.json",
    "policy_type": "ADP_Master_Policy",
    "metrics": {
        "mean_total_cost": 6303.082474920278,
        "std_total_cost": 38.096231526744525,
        "mean_missed_customers": 0.02,
        "mean_hard_late_penalties": 0.0,
        "mean_service_time": 1000.5587461540911,
        "fleet_utilization": 0.04168994775642046
    }
}