{
    "instance_file": "N100_V075_I033.json",
    "policy_type": "ADP_Master_Policy",
    "metrics": {
        "mean_total_cost": 7787.382473934344,
        "std_total_cost": 411.04014372161214,
        "mean_missed_customers": 4.0,
        "mean_hard_late_penalties": 0.22,
        "mean_service_time": 954.7124338207116,
        "fleet_utilization": 0.0265197898283531
    }
}