{
    "instance_file": "N100_V025_I099.json",
    "policy_type": "ADP_Master_Policy",
    "metrics": {
        "mean_total_cost": 4049.67427388041,
        "std_total_cost": 379.99118678209004,
        "mean_missed_customers": 8.18,
        "mean_hard_late_penalties": 0.16,
        "mean_service_time": 913.6902768683544,
        "fleet_utilization": 0.0761408564056962
    }
}