{
    "instance_file": "N100_V075_I017.json",
    "policy_type": "ADP_Master_Policy",
    "metrics": {
        "mean_total_cost": 7482.163757692383,
        "std_total_cost": 61.91017641776785,
        "mean_missed_customers": 4.34,
        "mean_hard_late_penalties": 0.0,
        "mean_service_time": 955.5835741274179,
        "fleet_utilization": 0.026543988170206055
    }
}