{
    "instance_file": "N100_V050_I070.json",
    "policy_type": "ADP_Master_Policy",
    "metrics": {
        "mean_total_cost": 6368.512036115408,
        "std_total_cost": 30.95300383833437,
        "mean_missed_customers": 0.08,
        "mean_hard_late_penalties": 0.0,
        "mean_service_time": 994.3354911951075,
        "fleet_utilization": 0.04143064546646281
    }
}