{
    "instance_file": "N100_V050_I030.json",
    "policy_type": "ADP_Master_Policy",
    "metrics": {
        "mean_total_cost": 6407.26579248139,
        "std_total_cost": 34.25409490210186,
        "mean_missed_customers": 0.0,
        "mean_hard_late_penalties": 0.0,
        "mean_service_time": 1005.3077415692013,
        "fleet_utilization": 0.04188782256538339
    }
}