{
    "instance_file": "N100_V075_I035.json",
    "policy_type": "ADP_Master_Policy",
    "metrics": {
        "mean_total_cost": 8169.621837232587,
        "std_total_cost": 439.8021337197825,
        "mean_missed_customers": 0.98,
        "mean_hard_late_penalties": 0.26,
        "mean_service_time": 986.513487105817,
        "fleet_utilization": 0.027403152419606027
    }
}