{
    "instance_file": "N100_V050_I053.json",
    "policy_type": "ADP_Master_Policy",
    "metrics": {
        "mean_total_cost": 6190.823780337158,
        "std_total_cost": 211.91383179712966,
        "mean_missed_customers": 0.0,
        "mean_hard_late_penalties": 0.04,
        "mean_service_time": 1005.9553937790156,
        "fleet_utilization": 0.04191480807412565
    }
}