{
    "instance_file": "N100_V075_I019.json",
    "policy_type": "ADP_Master_Policy",
    "metrics": {
        "mean_total_cost": 7898.008708541295,
        "std_total_cost": 36.50406752079975,
        "mean_missed_customers": 0.44,
        "mean_hard_late_penalties": 0.0,
        "mean_service_time": 1000.3248056150085,
        "fleet_utilization": 0.027786800155972458
    }
}