{
    "instance_file": "N100_V025_I029.json",
    "policy_type": "ADP_Master_Policy",
    "metrics": {
        "mean_total_cost": 4090.0272423929487,
        "std_total_cost": 460.6073237862778,
        "mean_missed_customers": 9.76,
        "mean_hard_late_penalties": 0.2,
        "mean_service_time": 902.2177415650863,
        "fleet_utilization": 0.07518481179709052
    }
}