{
    "instance_file": "N100_V050_I038.json",
    "policy_type": "ADP_Master_Policy",
    "metrics": {
        "mean_total_cost": 6403.753510545518,
        "std_total_cost": 411.60092870009123,
        "mean_missed_customers": 0.0,
        "mean_hard_late_penalties": 0.14,
        "mean_service_time": 1005.4134480685418,
        "fleet_utilization": 0.04189222700285591
    }
}