{
    "instance_file": "N100_V075_I036.json",
    "policy_type": "ADP_Master_Policy",
    "metrics": {
        "mean_total_cost": 7473.367857164204,
        "std_total_cost": 82.96362222894972,
        "mean_missed_customers": 1.4,
        "mean_hard_late_penalties": 0.0,
        "mean_service_time": 985.9198404338174,
        "fleet_utilization": 0.027386662234272705
    }
}