{
    "instance_file": "N100_V050_I094.json",
    "policy_type": "ADP_Master_Policy",
    "metrics": {
        "mean_total_cost": 6411.460589687228,
        "std_total_cost": 269.7455188678825,
        "mean_missed_customers": 0.16,
        "mean_hard_late_penalties": 0.08,
        "mean_service_time": 993.2382009653875,
        "fleet_utilization": 0.04138492504022448
    }
}