{
    "instance_file": "N100_V075_I020.json",
    "policy_type": "ADP_Master_Policy",
    "metrics": {
        "mean_total_cost": 7456.829065947516,
        "std_total_cost": 32.34443748098257,
        "mean_missed_customers": 3.98,
        "mean_hard_late_penalties": 0.0,
        "mean_service_time": 956.960139389274,
        "fleet_utilization": 0.0265822260941465
    }
}