{
    "instance_file": "N100_V025_I027.json",
    "policy_type": "ADP_Master_Policy",
    "metrics": {
        "mean_total_cost": 4258.520251215482,
        "std_total_cost": 569.5234527711436,
        "mean_missed_customers": 10.56,
        "mean_hard_late_penalties": 0.26,
        "mean_service_time": 893.3732523544692,
        "fleet_utilization": 0.0744477710295391
    }
}