{
    "instance_file": "N100_V050_I092.json",
    "policy_type": "ADP_Master_Policy",
    "metrics": {
        "mean_total_cost": 6376.757888071792,
        "std_total_cost": 40.313795102782244,
        "mean_missed_customers": 0.0,
        "mean_hard_late_penalties": 0.0,
        "mean_service_time": 1004.2771803492483,
        "fleet_utilization": 0.04184488251455201
    }
}