{
    "instance_file": "N100_V025_I084.json",
    "policy_type": "ADP_Master_Policy",
    "metrics": {
        "mean_total_cost": 4478.519014518971,
        "std_total_cost": 675.4229752374747,
        "mean_missed_customers": 3.56,
        "mean_hard_late_penalties": 0.54,
        "mean_service_time": 948.2218679435465,
        "fleet_utilization": 0.07901848899529554
    }
}