{
    "instance_file": "N100_V050_I004.json",
    "policy_type": "ADP_Master_Policy",
    "metrics": {
        "mean_total_cost": 6347.625987067528,
        "std_total_cost": 47.50579883206738,
        "mean_missed_customers": 0.0,
        "mean_hard_late_penalties": 0.0,
        "mean_service_time": 995.0822694502859,
        "fleet_utilization": 0.041461761227095245
    }
}