{
    "instance_file": "N100_V025_I057.json",
    "policy_type": "ADP_Master_Policy",
    "metrics": {
        "mean_total_cost": 4040.3015814262203,
        "std_total_cost": 424.90418777717093,
        "mean_missed_customers": 10.18,
        "mean_hard_late_penalties": 0.16,
        "mean_service_time": 891.7559953779506,
        "fleet_utilization": 0.07431299961482922
    }
}