{
    "instance_file": "N100_V050_I023.json",
    "policy_type": "ADP_Master_Policy",
    "metrics": {
        "mean_total_cost": 6242.612239265381,
        "std_total_cost": 36.71791537922704,
        "mean_missed_customers": 0.0,
        "mean_hard_late_penalties": 0.0,
        "mean_service_time": 988.3153426868691,
        "fleet_utilization": 0.04117980594528622
    }
}