{
    "instance_file": "N020_V005_I043.json",
    "N": 20,
    "V": 5,
    "Q": 88,
    "strategy_solve_time_seconds": 30.021175861358643,
    "metrics": {
        "policy_type": "Deterministic_ORTools_Evaluated",
        "N_simulations": 100,
        "deterministic_cost_benchmark": 285.3333333333333,
        "mean_stochastic_cost": 855.061235713102,
        "std_stochastic_cost": 409.3588092307699,
        "mean_hard_late_penalties": 0.21,
        "std_hard_late_penalties": 0.40936018074033237,
        "mean_service_efficiency": 0.34556202559126814,
        "mean_transit_min": 567.7961547668522,
        "mean_wait_min": 735.0574111688485
    }
}