{
    "instance_file": "N020_V010_I002.json",
    "N": 20,
    "V": 10,
    "Q": 42,
    "strategy_solve_time_seconds": 30.03778338432312,
    "metrics": {
        "policy_type": "Deterministic_ORTools_Evaluated",
        "N_simulations": 100,
        "deterministic_cost_benchmark": 342.8333333333333,
        "mean_stochastic_cost": 1144.8132213427582,
        "std_stochastic_cost": 7.532187003094041,
        "mean_hard_late_penalties": 0.0,
        "std_hard_late_penalties": 0.0,
        "mean_service_efficiency": 0.20704736585782574,
        "mean_transit_min": 957.7101895644165,
        "mean_wait_min": 1602.4232946732839
    }
}