{
    "instance_file": "N020_V010_I083.json",
    "N": 20,
    "V": 10,
    "Q": 47,
    "strategy_solve_time_seconds": 30.048635005950928,
    "metrics": {
        "policy_type": "Deterministic_ORTools_Evaluated",
        "N_simulations": 100,
        "deterministic_cost_benchmark": 285.8333333333333,
        "mean_stochastic_cost": 1077.2890833955219,
        "std_stochastic_cost": 6.49797970329024,
        "mean_hard_late_penalties": 0.0,
        "std_hard_late_penalties": 0.0,
        "mean_service_efficiency": 0.2503387561347233,
        "mean_transit_min": 807.1593164809148,
        "mean_wait_min": 1774.1881998962342
    }
}