{
    "instance_file": "N020_V005_I067.json",
    "N": 20,
    "V": 5,
    "Q": 88,
    "strategy_solve_time_seconds": 30.040293216705322,
    "metrics": {
        "policy_type": "Deterministic_ORTools_Evaluated",
        "N_simulations": 100,
        "deterministic_cost_benchmark": 278.3333333333333,
        "mean_stochastic_cost": 789.6171730371528,
        "std_stochastic_cost": 100.55067527623001,
        "mean_hard_late_penalties": 0.01,
        "std_hard_late_penalties": 0.09999999999999999,
        "mean_service_efficiency": 0.3256968582827548,
        "mean_transit_min": 621.0584495153176,
        "mean_wait_min": 1115.4825872963395
    }
}