{
    "instance_file": "N020_V010_I044.json",
    "N": 20,
    "V": 10,
    "Q": 40,
    "strategy_solve_time_seconds": 30.08184289932251,
    "metrics": {
        "policy_type": "Deterministic_ORTools_Evaluated",
        "N_simulations": 100,
        "deterministic_cost_benchmark": 344.8333333333333,
        "mean_stochastic_cost": 1164.3456457990853,
        "std_stochastic_cost": 7.943810195928331,
        "mean_hard_late_penalties": 0.0,
        "std_hard_late_penalties": 0.0,
        "mean_service_efficiency": 0.2111079960912607,
        "mean_transit_min": 950.7303089946035,
        "mean_wait_min": 1705.043461247842
    }
}