{
    "instance_file": "N020_V010_I024.json",
    "N": 20,
    "V": 10,
    "Q": 45,
    "strategy_solve_time_seconds": 30.025160789489746,
    "metrics": {
        "policy_type": "Deterministic_ORTools_Evaluated",
        "N_simulations": 100,
        "deterministic_cost_benchmark": 308.3333333333333,
        "mean_stochastic_cost": 1214.896700378634,
        "std_stochastic_cost": 416.4820729133471,
        "mean_hard_late_penalties": 0.22,
        "std_hard_late_penalties": 0.4163331998932266,
        "mean_service_efficiency": 0.256094531799106,
        "mean_transit_min": 771.9417123834018,
        "mean_wait_min": 1547.4500611871654
    }
}