{
    "instance_file": "N020_V015_I069.json",
    "N": 20,
    "V": 15,
    "Q": 30,
    "strategy_solve_time_seconds": 30.00770926475525,
    "metrics": {
        "policy_type": "Deterministic_ORTools_Evaluated",
        "N_simulations": 100,
        "deterministic_cost_benchmark": 393.8333333333333,
        "mean_stochastic_cost": 1700.4419675311685,
        "std_stochastic_cost": 388.8918191333001,
        "mean_hard_late_penalties": 0.18,
        "std_hard_late_penalties": 0.38612291966536916,
        "mean_service_efficiency": 0.1609629572728842,
        "mean_transit_min": 1228.3534151515064,
        "mean_wait_min": 2312.4948360594494
    }
}