{
    "instance_file": "N020_V010_I079.json",
    "N": 20,
    "V": 10,
    "Q": 44,
    "strategy_solve_time_seconds": 30.016310930252075,
    "metrics": {
        "policy_type": "Deterministic_ORTools_Evaluated",
        "N_simulations": 100,
        "deterministic_cost_benchmark": 318.3333333333333,
        "mean_stochastic_cost": 1162.279952914395,
        "std_stochastic_cost": 6.690014577138778,
        "mean_hard_late_penalties": 0.0,
        "std_hard_late_penalties": 0.0,
        "mean_service_efficiency": 0.2227219103294728,
        "mean_transit_min": 899.4849622203212,
        "mean_wait_min": 1846.87553624808
    }
}