{
    "instance_file": "N020_V015_I006.json",
    "N": 20,
    "V": 15,
    "Q": 29,
    "strategy_solve_time_seconds": 30.027067184448242,
    "metrics": {
        "policy_type": "Deterministic_ORTools_Evaluated",
        "N_simulations": 100,
        "deterministic_cost_benchmark": 407.8333333333333,
        "mean_stochastic_cost": 1414.695051353883,
        "std_stochastic_cost": 9.882603733721028,
        "mean_hard_late_penalties": 0.0,
        "std_hard_late_penalties": 0.0,
        "mean_service_efficiency": 0.1493844367241082,
        "mean_transit_min": 1331.8984036597647,
        "mean_wait_min": 1555.0943173963224
    }
}