{
    "instance_file": "N020_V010_I013.json",
    "N": 20,
    "V": 10,
    "Q": 44,
    "strategy_solve_time_seconds": 30.021113395690918,
    "metrics": {
        "policy_type": "Deterministic_ORTools_Evaluated",
        "N_simulations": 100,
        "deterministic_cost_benchmark": 348.8333333333333,
        "mean_stochastic_cost": 1098.853037600999,
        "std_stochastic_cost": 8.4784335636052,
        "mean_hard_late_penalties": 0.0,
        "std_hard_late_penalties": 0.0,
        "mean_service_efficiency": 0.20753436436837341,
        "mean_transit_min": 968.7676528359549,
        "mean_wait_min": 1375.7430756525268
    }
}