{
    "instance_file": "N020_V010_I058.json",
    "N": 20,
    "V": 10,
    "Q": 41,
    "strategy_solve_time_seconds": 30.141080141067505,
    "metrics": {
        "policy_type": "Deterministic_ORTools_Evaluated",
        "N_simulations": 100,
        "deterministic_cost_benchmark": 321.3333333333333,
        "mean_stochastic_cost": 1152.824646518795,
        "std_stochastic_cost": 7.953421390424391,
        "mean_hard_late_penalties": 0.0,
        "std_hard_late_penalties": 0.0,
        "mean_service_efficiency": 0.2099303059164927,
        "mean_transit_min": 956.3131034016849,
        "mean_wait_min": 1637.0108783444919
    }
}