{
    "instance_file": "N020_V010_I091.json",
    "N": 20,
    "V": 10,
    "Q": 41,
    "strategy_solve_time_seconds": 30.006459712982178,
    "metrics": {
        "policy_type": "Deterministic_ORTools_Evaluated",
        "N_simulations": 100,
        "deterministic_cost_benchmark": 351.3333333333333,
        "mean_stochastic_cost": 1151.8776296950925,
        "std_stochastic_cost": 7.119146225558997,
        "mean_hard_late_penalties": 0.0,
        "std_hard_late_penalties": 0.0,
        "mean_service_efficiency": 0.1981382846428968,
        "mean_transit_min": 1010.3270516600172,
        "mean_wait_min": 1459.2201652571775
    }
}