{
    "instance_file": "N020_V010_I063.json",
    "N": 20,
    "V": 10,
    "Q": 48,
    "strategy_solve_time_seconds": 30.020443201065063,
    "metrics": {
        "policy_type": "Deterministic_ORTools_Evaluated",
        "N_simulations": 100,
        "deterministic_cost_benchmark": 281.8333333333333,
        "mean_stochastic_cost": 993.1261566574768,
        "std_stochastic_cost": 301.05718604332225,
        "mean_hard_late_penalties": 0.1,
        "std_hard_late_penalties": 0.30151134457776363,
        "mean_service_efficiency": 0.26482873871405826,
        "mean_transit_min": 744.9859995174563,
        "mean_wait_min": 1213.9704782320616
    }
}