{
    "instance_file": "N020_V010_I064.json",
    "N": 20,
    "V": 10,
    "Q": 45,
    "strategy_solve_time_seconds": 30.0101637840271,
    "metrics": {
        "policy_type": "Deterministic_ORTools_Evaluated",
        "N_simulations": 100,
        "deterministic_cost_benchmark": 328.3333333333333,
        "mean_stochastic_cost": 1222.7114317409535,
        "std_stochastic_cost": 7.420008209836286,
        "mean_hard_late_penalties": 0.0,
        "std_hard_late_penalties": 0.0,
        "mean_service_efficiency": 0.20485251606184463,
        "mean_transit_min": 970.8742971264946,
        "mean_wait_min": 1890.3652259675716
    }
}