{
    "instance_file": "N020_V015_I080.json",
    "N": 20,
    "V": 15,
    "Q": 32,
    "strategy_solve_time_seconds": 30.031728506088257,
    "metrics": {
        "policy_type": "Deterministic_ORTools_Evaluated",
        "N_simulations": 100,
        "deterministic_cost_benchmark": 318.3333333333333,
        "mean_stochastic_cost": 1461.854231541548,
        "std_stochastic_cost": 7.112566278676136,
        "mean_hard_late_penalties": 0.0,
        "std_hard_late_penalties": 0.0,
        "mean_service_efficiency": 0.17058628079349047,
        "mean_transit_min": 1065.7348775456926,
        "mean_wait_min": 2591.612796530718
    }
}