{
    "instance_file": "N020_V010_I085.json",
    "N": 20,
    "V": 10,
    "Q": 35,
    "strategy_solve_time_seconds": 30.007028341293335,
    "metrics": {
        "policy_type": "Deterministic_ORTools_Evaluated",
        "N_simulations": 100,
        "deterministic_cost_benchmark": 348.8333333333333,
        "mean_stochastic_cost": 1563.340419077719,
        "std_stochastic_cost": 492.19805636160896,
        "mean_hard_late_penalties": 0.4,
        "std_hard_late_penalties": 0.49236596391733095,
        "mean_service_efficiency": 0.20615537991050853,
        "mean_transit_min": 955.219294592817,
        "mean_wait_min": 1698.582517165305
    }
}