{
    "instance_file": "N020_V010_I072.json",
    "N": 20,
    "V": 10,
    "Q": 40,
    "strategy_solve_time_seconds": 30.02792263031006,
    "metrics": {
        "policy_type": "Deterministic_ORTools_Evaluated",
        "N_simulations": 100,
        "deterministic_cost_benchmark": 367.3333333333333,
        "mean_stochastic_cost": 1220.5185735602283,
        "std_stochastic_cost": 7.537875597901298,
        "mean_hard_late_penalties": 0.0,
        "std_hard_late_penalties": 0.0,
        "mean_service_efficiency": 0.19939898425214653,
        "mean_transit_min": 1004.6626300206357,
        "mean_wait_min": 1767.9496885166427
    }
}