{
    "instance_file": "N020_V010_I050.json",
    "N": 20,
    "V": 10,
    "Q": 43,
    "strategy_solve_time_seconds": 30.236927032470703,
    "metrics": {
        "policy_type": "Deterministic_ORTools_Evaluated",
        "N_simulations": 100,
        "deterministic_cost_benchmark": 308.8333333333333,
        "mean_stochastic_cost": 1167.5802827376576,
        "std_stochastic_cost": 99.87262348263782,
        "mean_hard_late_penalties": 0.01,
        "std_hard_late_penalties": 0.09999999999999999,
        "mean_service_efficiency": 0.23215719676742355,
        "mean_transit_min": 868.6012976690424,
        "mean_wait_min": 1922.0595237482296
    }
}