{
    "instance_file": "N050_V025_I056.json",
    "N": 50,
    "V": 25,
    "Q": 41,
    "strategy_solve_time_seconds": 30.01112937927246,
    "metrics": {
        "policy_type": "Deterministic_ORTools_Evaluated",
        "N_simulations": 100,
        "deterministic_cost_benchmark": 691.3333333333334,
        "mean_stochastic_cost": 2748.423886812718,
        "std_stochastic_cost": 437.29477107273095,
        "mean_hard_late_penalties": 0.25,
        "std_hard_late_penalties": 0.4351941398892446,
        "mean_service_efficiency": 0.2540376605238055,
        "mean_transit_min": 1963.9817100195305,
        "mean_wait_min": 3823.4610469826857
    }
}