{
    "instance_file": "N050_V025_I097.json",
    "N": 50,
    "V": 25,
    "Q": 45,
    "strategy_solve_time_seconds": 30.010335206985474,
    "metrics": {
        "policy_type": "Deterministic_ORTools_Evaluated",
        "N_simulations": 100,
        "deterministic_cost_benchmark": 702.3333333333334,
        "mean_stochastic_cost": 3134.182896659042,
        "std_stochastic_cost": 594.7761947531197,
        "mean_hard_late_penalties": 0.48,
        "std_hard_late_penalties": 0.5942485280851045,
        "mean_service_efficiency": 0.24921036376285405,
        "mean_transit_min": 1985.930778194068,
        "mean_wait_min": 4368.047754926354
    }
}