{
    "instance_file": "N050_V025_I003.json",
    "N": 50,
    "V": 25,
    "Q": 42,
    "strategy_solve_time_seconds": 30.007620811462402,
    "metrics": {
        "policy_type": "Deterministic_ORTools_Evaluated",
        "N_simulations": 100,
        "deterministic_cost_benchmark": 730.3333333333334,
        "mean_stochastic_cost": 2695.381797457746,
        "std_stochastic_cost": 10.75728213064676,
        "mean_hard_late_penalties": 0.0,
        "std_hard_late_penalties": 0.0,
        "mean_service_efficiency": 0.23919925720191432,
        "mean_transit_min": 2089.5080539885726,
        "mean_wait_min": 4234.595628065164
    }
}