{
    "instance_file": "N050_V025_I016.json",
    "N": 50,
    "V": 25,
    "Q": 44,
    "strategy_solve_time_seconds": 30.01173496246338,
    "metrics": {
        "policy_type": "Deterministic_ORTools_Evaluated",
        "N_simulations": 100,
        "deterministic_cost_benchmark": 707.8333333333334,
        "mean_stochastic_cost": 3083.751264467041,
        "std_stochastic_cost": 509.55009736260905,
        "mean_hard_late_penalties": 0.32,
        "std_hard_late_penalties": 0.5101000100000197,
        "mean_service_efficiency": 0.25085364963631485,
        "mean_transit_min": 1987.7779687695447,
        "mean_wait_min": 4847.682196510123
    }
}