{
    "instance_file": "N050_V025_I081.json",
    "N": 50,
    "V": 25,
    "Q": 43,
    "strategy_solve_time_seconds": 30.03338646888733,
    "metrics": {
        "policy_type": "Deterministic_ORTools_Evaluated",
        "N_simulations": 100,
        "deterministic_cost_benchmark": 724.3333333333334,
        "mean_stochastic_cost": 2899.185753804232,
        "std_stochastic_cost": 417.4146330022255,
        "mean_hard_late_penalties": 0.22,
        "std_hard_late_penalties": 0.4163331998932266,
        "mean_service_efficiency": 0.23053699070974404,
        "mean_transit_min": 2159.56458110873,
        "mean_wait_min": 3962.3858100395605
    }
}