{
    "instance_file": "N050_V025_I034.json",
    "N": 50,
    "V": 25,
    "Q": 42,
    "strategy_solve_time_seconds": 30.025644063949585,
    "metrics": {
        "policy_type": "Deterministic_ORTools_Evaluated",
        "N_simulations": 100,
        "deterministic_cost_benchmark": 778.3333333333334,
        "mean_stochastic_cost": 2752.8322570818004,
        "std_stochastic_cost": 218.6726698431281,
        "mean_hard_late_penalties": 0.05,
        "std_hard_late_penalties": 0.21904291355759034,
        "mean_service_efficiency": 0.22712278852715187,
        "mean_transit_min": 2194.638264940814,
        "mean_wait_min": 3956.0131892560566
    }
}