{
    "instance_file": "N050_V025_I096.json",
    "N": 50,
    "V": 25,
    "Q": 46,
    "strategy_solve_time_seconds": 30.013190031051636,
    "metrics": {
        "policy_type": "Deterministic_ORTools_Evaluated",
        "N_simulations": 100,
        "deterministic_cost_benchmark": 727.8333333333334,
        "mean_stochastic_cost": 2681.79252627219,
        "std_stochastic_cost": 11.006573711428164,
        "mean_hard_late_penalties": 0.0,
        "std_hard_late_penalties": 0.0,
        "mean_service_efficiency": 0.24912104633800186,
        "mean_transit_min": 2009.682192135588,
        "mean_wait_min": 4411.81614728169
    }
}