{
    "instance_file": "N050_V038_I075.json",
    "N": 50,
    "V": 38,
    "Q": 28,
    "strategy_solve_time_seconds": 30.041531324386597,
    "metrics": {
        "policy_type": "Deterministic_ORTools_Evaluated",
        "N_simulations": 100,
        "deterministic_cost_benchmark": 967.3333333333334,
        "mean_stochastic_cost": 4054.8874340670336,
        "std_stochastic_cost": 194.44712010412357,
        "mean_hard_late_penalties": 0.04,
        "std_hard_late_penalties": 0.19694638556693236,
        "mean_service_efficiency": 0.16164092109462203,
        "mean_transit_min": 3089.2836790510664,
        "mean_wait_min": 6624.382059642795
    }
}