{
    "instance_file": "N050_V038_I032.json",
    "N": 50,
    "V": 38,
    "Q": 28,
    "strategy_solve_time_seconds": 30.016473293304443,
    "metrics": {
        "policy_type": "Deterministic_ORTools_Evaluated",
        "N_simulations": 100,
        "deterministic_cost_benchmark": 920.3333333333334,
        "mean_stochastic_cost": 4076.1247639924313,
        "std_stochastic_cost": 376.89688375418723,
        "mean_hard_late_penalties": 0.17,
        "std_hard_late_penalties": 0.3775251680686369,
        "mean_service_efficiency": 0.1715410142716589,
        "mean_transit_min": 2912.218975494245,
        "mean_wait_min": 6686.438386792617
    }
}