{
    "instance_file": "N050_V038_I037.json",
    "N": 50,
    "V": 38,
    "Q": 30,
    "strategy_solve_time_seconds": 30.052781105041504,
    "metrics": {
        "policy_type": "Deterministic_ORTools_Evaluated",
        "N_simulations": 100,
        "deterministic_cost_benchmark": 975.8333333333334,
        "mean_stochastic_cost": 3906.3465446684436,
        "std_stochastic_cost": 412.92610883173086,
        "mean_hard_late_penalties": 0.21,
        "std_hard_late_penalties": 0.40936018074033237,
        "mean_service_efficiency": 0.16440680065306407,
        "mean_transit_min": 3036.000981258844,
        "mean_wait_min": 5474.411164090337
    }
}