{
    "instance_file": "N050_V025_I062.json",
    "N": 50,
    "V": 25,
    "Q": 42,
    "strategy_solve_time_seconds": 30.008283615112305,
    "metrics": {
        "policy_type": "Deterministic_ORTools_Evaluated",
        "N_simulations": 100,
        "deterministic_cost_benchmark": 725.8333333333334,
        "mean_stochastic_cost": 2675.894333368747,
        "std_stochastic_cost": 100.82111075808618,
        "mean_hard_late_penalties": 0.01,
        "std_hard_late_penalties": 0.09999999999999999,
        "mean_service_efficiency": 0.2554580734762485,
        "mean_transit_min": 1959.0528706954751,
        "mean_wait_min": 4526.5587388541635
    }
}