{
    "instance_file": "N050_V025_I028.json",
    "N": 50,
    "V": 25,
    "Q": 42,
    "strategy_solve_time_seconds": 30.008310556411743,
    "metrics": {
        "policy_type": "Deterministic_ORTools_Evaluated",
        "N_simulations": 100,
        "deterministic_cost_benchmark": 768.8333333333334,
        "mean_stochastic_cost": 2976.478781082909,
        "std_stochastic_cost": 339.3415606417136,
        "mean_hard_late_penalties": 0.13,
        "std_hard_late_penalties": 0.33799766898963113,
        "mean_service_efficiency": 0.231052934471078,
        "mean_transit_min": 2164.3036880764416,
        "mean_wait_min": 4646.883700242818
    }
}