{
    "instance_file": "N050_V025_I095.json",
    "N": 50,
    "V": 25,
    "Q": 42,
    "strategy_solve_time_seconds": 30.01356339454651,
    "metrics": {
        "policy_type": "Deterministic_ORTools_Evaluated",
        "N_simulations": 100,
        "deterministic_cost_benchmark": 670.3333333333334,
        "mean_stochastic_cost": 3190.761705259638,
        "std_stochastic_cost": 543.2483816526352,
        "mean_hard_late_penalties": 0.63,
        "std_hard_late_penalties": 0.5441145155760927,
        "mean_service_efficiency": 0.2514160599065406,
        "mean_transit_min": 1967.76529912956,
        "mean_wait_min": 4084.218979141406
    }
}