{
    "instance_file": "N050_V025_I015.json",
    "N": 50,
    "V": 25,
    "Q": 43,
    "strategy_solve_time_seconds": 30.00831937789917,
    "metrics": {
        "policy_type": "Deterministic_ORTools_Evaluated",
        "N_simulations": 100,
        "deterministic_cost_benchmark": 711.8333333333334,
        "mean_stochastic_cost": 3124.0188213946794,
        "std_stochastic_cost": 521.152159841152,
        "mean_hard_late_penalties": 0.49,
        "std_hard_late_penalties": 0.5221362491019587,
        "mean_service_efficiency": 0.25227417266509633,
        "mean_transit_min": 1963.361449219298,
        "mean_wait_min": 4404.233142755872
    }
}