{
    "instance_file": "N050_V013_I052.json",
    "N": 50,
    "V": 13,
    "Q": 78,
    "strategy_solve_time_seconds": 30.0117130279541,
    "metrics": {
        "policy_type": "Deterministic_ORTools_Evaluated",
        "N_simulations": 100,
        "deterministic_cost_benchmark": 608.8333333333334,
        "mean_stochastic_cost": 2292.477748467193,
        "std_stochastic_cost": 590.4326172513779,
        "mean_hard_late_penalties": 0.65,
        "std_hard_late_penalties": 0.5924610544247623,
        "mean_service_efficiency": 0.38526060291368597,
        "mean_transit_min": 1276.3594832500048,
        "mean_wait_min": 2382.507160360076
    }
}