{
    "instance_file": "N050_V025_I031.json",
    "N": 50,
    "V": 25,
    "Q": 42,
    "strategy_solve_time_seconds": 30.048803329467773,
    "metrics": {
        "policy_type": "Deterministic_ORTools_Evaluated",
        "N_simulations": 100,
        "deterministic_cost_benchmark": 690.3333333333334,
        "mean_stochastic_cost": 2563.059710079257,
        "std_stochastic_cost": 140.32930335658506,
        "mean_hard_late_penalties": 0.02,
        "std_hard_late_penalties": 0.14070529413628965,
        "mean_service_efficiency": 0.24933953232346348,
        "mean_transit_min": 2007.768894174578,
        "mean_wait_min": 3870.7111669705064
    }
}