{
    "instance_file": "N050_V025_I039.json",
    "N": 50,
    "V": 25,
    "Q": 42,
    "strategy_solve_time_seconds": 30.05682897567749,
    "metrics": {
        "policy_type": "Deterministic_ORTools_Evaluated",
        "N_simulations": 100,
        "deterministic_cost_benchmark": 710.3333333333334,
        "mean_stochastic_cost": 2510.497739414552,
        "std_stochastic_cost": 12.014239802652352,
        "mean_hard_late_penalties": 0.0,
        "std_hard_late_penalties": 0.0,
        "mean_service_efficiency": 0.23604407763852997,
        "mean_transit_min": 2113.0508641478627,
        "mean_wait_min": 3407.939528255091
    }
}