{
    "instance_file": "N050_V013_I025.json",
    "N": 50,
    "V": 13,
    "Q": 79,
    "strategy_solve_time_seconds": 30.025741577148438,
    "metrics": {
        "policy_type": "Deterministic_ORTools_Evaluated",
        "N_simulations": 100,
        "deterministic_cost_benchmark": 604.8333333333334,
        "mean_stochastic_cost": 1623.663178505316,
        "std_stochastic_cost": 239.17568690586907,
        "mean_hard_late_penalties": 0.06,
        "std_hard_late_penalties": 0.238683256575942,
        "mean_service_efficiency": 0.37175777880640987,
        "mean_transit_min": 1338.1127344687243,
        "mean_wait_min": 1853.4166838621134
    }
}