{
    "instance_file": "N100_V050_I009.json",
    "N": 100,
    "V": 50,
    "Q": 46,
    "strategy_solve_time_seconds": 30.031485557556152,
    "metrics": {
        "policy_type": "Deterministic_ORTools_Evaluated",
        "N_simulations": 100,
        "deterministic_cost_benchmark": 1281.1666666666667,
        "mean_stochastic_cost": 5034.749596640142,
        "std_stochastic_cost": 15.758662494336676,
        "mean_hard_late_penalties": 0.0,
        "std_hard_late_penalties": 0.0,
        "mean_service_efficiency": 0.26551267501752024,
        "mean_transit_min": 3781.9928864907565,
        "mean_wait_min": 8268.298180302438
    }
}