{
    "instance_file": "N100_V025_I099.json",
    "N": 100,
    "V": 25,
    "Q": 85,
    "strategy_solve_time_seconds": 30.016531467437744,
    "metrics": {
        "policy_type": "Deterministic_ORTools_Evaluated",
        "N_simulations": 100,
        "deterministic_cost_benchmark": 1074.6666666666667,
        "mean_stochastic_cost": 3512.4657358735817,
        "std_stochastic_cost": 628.6282813242345,
        "mean_hard_late_penalties": 0.5,
        "std_hard_late_penalties": 0.6276459144608478,
        "mean_service_efficiency": 0.4162274035430623,
        "mean_transit_min": 2392.097637780055,
        "mean_wait_min": 4138.867281672438
    }
}