{
    "instance_file": "N100_V075_I017.json",
    "N": 100,
    "V": 75,
    "Q": 28,
    "strategy_solve_time_seconds": 30.025090217590332,
    "metrics": {
        "policy_type": "Deterministic_ORTools_Evaluated",
        "N_simulations": 100,
        "deterministic_cost_benchmark": 1825.6666666666667,
        "mean_stochastic_cost": 7701.35206118658,
        "std_stochastic_cost": 432.5771907478245,
        "mean_hard_late_penalties": 0.24,
        "std_hard_late_penalties": 0.42923469599092784,
        "mean_service_efficiency": 0.1658478540444045,
        "mean_transit_min": 6045.949206978649,
        "mean_wait_min": 11352.57345568549
    }
}