{
    "instance_file": "N100_V050_I053.json",
    "N": 100,
    "V": 50,
    "Q": 42,
    "strategy_solve_time_seconds": 30.01932191848755,
    "metrics": {
        "policy_type": "Deterministic_ORTools_Evaluated",
        "N_simulations": 100,
        "deterministic_cost_benchmark": 1383.1666666666667,
        "mean_stochastic_cost": 5126.471387959616,
        "std_stochastic_cost": 14.70601557025371,
        "mean_hard_late_penalties": 0.0,
        "std_hard_late_penalties": 0.0,
        "mean_service_efficiency": 0.24555244970793605,
        "mean_transit_min": 4079.396036053384,
        "mean_wait_min": 7697.832020004334
    }
}