{
    "instance_file": "N100_V050_I088.json",
    "N": 100,
    "V": 50,
    "Q": 42,
    "strategy_solve_time_seconds": 30.133692264556885,
    "metrics": {
        "policy_type": "Deterministic_ORTools_Evaluated",
        "N_simulations": 100,
        "deterministic_cost_benchmark": 1368.1666666666667,
        "mean_stochastic_cost": 5267.945589616683,
        "std_stochastic_cost": 433.83228882914784,
        "mean_hard_late_penalties": 0.25,
        "std_hard_late_penalties": 0.4351941398892446,
        "mean_service_efficiency": 0.2583570268476056,
        "mean_transit_min": 3880.97647762235,
        "mean_wait_min": 7859.083949776367
    }
}