{
    "instance_file": "N100_V050_I076.json",
    "N": 100,
    "V": 50,
    "Q": 45,
    "strategy_solve_time_seconds": 30.03023409843445,
    "metrics": {
        "policy_type": "Deterministic_ORTools_Evaluated",
        "N_simulations": 100,
        "deterministic_cost_benchmark": 1380.1666666666667,
        "mean_stochastic_cost": 5444.7850606155735,
        "std_stochastic_cost": 444.53972150725804,
        "mean_hard_late_penalties": 0.27,
        "std_hard_late_penalties": 0.4461960433384737,
        "mean_service_efficiency": 0.24769359567356436,
        "mean_transit_min": 4035.084108792338,
        "mean_wait_min": 8027.8451890889255
    }
}