{
    "instance_file": "N100_V050_I094.json",
    "N": 100,
    "V": 50,
    "Q": 45,
    "strategy_solve_time_seconds": 30.032803773880005,
    "metrics": {
        "policy_type": "Deterministic_ORTools_Evaluated",
        "N_simulations": 100,
        "deterministic_cost_benchmark": 1324.1666666666667,
        "mean_stochastic_cost": 5744.136113864938,
        "std_stochastic_cost": 593.3289886091844,
        "mean_hard_late_penalties": 0.52,
        "std_hard_late_penalties": 0.5942485280851044,
        "mean_service_efficiency": 0.26388821202468976,
        "mean_transit_min": 3768.0207878697624,
        "mean_wait_min": 9058.098719450627
    }
}