{
    "instance_file": "N100_V075_I033.json",
    "N": 100,
    "V": 75,
    "Q": 30,
    "strategy_solve_time_seconds": 30.02188992500305,
    "metrics": {
        "policy_type": "Deterministic_ORTools_Evaluated",
        "N_simulations": 100,
        "deterministic_cost_benchmark": 1811.6666666666667,
        "mean_stochastic_cost": 7617.6241273370115,
        "std_stochastic_cost": 393.3164030525061,
        "mean_hard_late_penalties": 0.19,
        "std_hard_late_penalties": 0.3942772444036625,
        "mean_service_efficiency": 0.16929208871247056,
        "mean_transit_min": 5913.418242587634,
        "mean_wait_min": 11572.066714523384
    }
}