{
    "instance_file": "N100_V050_I098.json",
    "N": 100,
    "V": 50,
    "Q": 44,
    "strategy_solve_time_seconds": 30.191694974899292,
    "metrics": {
        "policy_type": "Deterministic_ORTools_Evaluated",
        "N_simulations": 100,
        "deterministic_cost_benchmark": 1318.6666666666667,
        "mean_stochastic_cost": 5667.623538458775,
        "std_stochastic_cost": 611.4051574448723,
        "mean_hard_late_penalties": 0.54,
        "std_hard_late_penalties": 0.6100173867368143,
        "mean_service_efficiency": 0.26387676702341567,
        "mean_transit_min": 3771.4210983061366,
        "mean_wait_min": 8626.684325075761
    }
}