{
    "instance_file": "N100_V075_I035.json",
    "N": 100,
    "V": 75,
    "Q": 27,
    "strategy_solve_time_seconds": 30.02874255180359,
    "metrics": {
        "policy_type": "Deterministic_ORTools_Evaluated",
        "N_simulations": 100,
        "deterministic_cost_benchmark": 1775.6666666666667,
        "mean_stochastic_cost": 7718.001784211438,
        "std_stochastic_cost": 586.7171150363097,
        "mean_hard_late_penalties": 0.4,
        "std_hard_late_penalties": 0.5860327153276884,
        "mean_service_efficiency": 0.1770214687028581,
        "mean_transit_min": 5632.701277882526,
        "mean_wait_min": 12001.476922486067
    }
}