{
    "instance_file": "N100_V025_I027.json",
    "N": 100,
    "V": 25,
    "Q": 83,
    "strategy_solve_time_seconds": 30.014362335205078,
    "metrics": {
        "policy_type": "Deterministic_ORTools_Evaluated",
        "N_simulations": 100,
        "deterministic_cost_benchmark": 1011.1666666666666,
        "mean_stochastic_cost": 3993.716770187939,
        "std_stochastic_cost": 838.1224796123606,
        "mean_hard_late_penalties": 1.06,
        "std_hard_late_penalties": 0.8387099280647293,
        "mean_service_efficiency": 0.43267799857772643,
        "mean_transit_min": 2294.7048983354043,
        "mean_wait_min": 4103.250919015181
    }
}