{
    "instance_file": "N100_V050_I100.json",
    "N": 100,
    "V": 50,
    "Q": 44,
    "strategy_solve_time_seconds": 30.02683186531067,
    "metrics": {
        "policy_type": "Deterministic_ORTools_Evaluated",
        "N_simulations": 100,
        "deterministic_cost_benchmark": 1285.1666666666667,
        "mean_stochastic_cost": 5551.220260954505,
        "std_stochastic_cost": 559.9726603301024,
        "mean_hard_late_penalties": 0.64,
        "std_hard_late_penalties": 0.5599422769673259,
        "mean_service_efficiency": 0.2623006650437315,
        "mean_transit_min": 3796.676511585452,
        "mean_wait_min": 7686.059819359398
    }
}