{
    "instance_file": "N100_V025_I029.json",
    "N": 100,
    "V": 25,
    "Q": 84,
    "strategy_solve_time_seconds": 30.019915342330933,
    "metrics": {
        "policy_type": "Deterministic_ORTools_Evaluated",
        "N_simulations": 100,
        "deterministic_cost_benchmark": 1053.6666666666667,
        "mean_stochastic_cost": 4090.208782572205,
        "std_stochastic_cost": 910.4584417313129,
        "mean_hard_late_penalties": 1.09,
        "std_hard_late_penalties": 0.9111542241585779,
        "mean_service_efficiency": 0.43775173092275843,
        "mean_transit_min": 2251.4003289598827,
        "mean_wait_min": 4524.187982373745
    }
}