{
    "instance_file": "N100_V050_I030.json",
    "N": 100,
    "V": 50,
    "Q": 44,
    "strategy_solve_time_seconds": 30.02479338645935,
    "metrics": {
        "policy_type": "Deterministic_ORTools_Evaluated",
        "N_simulations": 100,
        "deterministic_cost_benchmark": 1380.1666666666667,
        "mean_stochastic_cost": 5305.645858543318,
        "std_stochastic_cost": 552.7441973969892,
        "mean_hard_late_penalties": 0.28,
        "std_hard_late_penalties": 0.5519478821831502,
        "mean_service_efficiency": 0.2550375916613729,
        "mean_transit_min": 3903.9617809599,
        "mean_wait_min": 7833.742154235906
    }
}