{
    "instance_file": "N100_V025_I084.json",
    "N": 100,
    "V": 25,
    "Q": 80,
    "strategy_solve_time_seconds": 30.036149740219116,
    "metrics": {
        "policy_type": "Deterministic_ORTools_Evaluated",
        "N_simulations": 100,
        "deterministic_cost_benchmark": 1083.1666666666667,
        "mean_stochastic_cost": 3753.1411636405724,
        "std_stochastic_cost": 766.4263697130618,
        "mean_hard_late_penalties": 0.91,
        "std_hard_late_penalties": 0.7666666666666666,
        "mean_service_efficiency": 0.42211271468524103,
        "mean_transit_min": 2355.569841663737,
        "mean_wait_min": 3556.086754742166
    }
}