{
    "instance_file": "N100_V050_I001.json",
    "N": 100,
    "V": 50,
    "Q": 44,
    "strategy_solve_time_seconds": 30.014861822128296,
    "metrics": {
        "policy_type": "Deterministic_ORTools_Evaluated",
        "N_simulations": 100,
        "deterministic_cost_benchmark": 1355.6666666666667,
        "mean_stochastic_cost": 5072.953524771941,
        "std_stochastic_cost": 172.17219325197925,
        "mean_hard_late_penalties": 0.03,
        "std_hard_late_penalties": 0.17144660799776532,
        "mean_service_efficiency": 0.25243295385716247,
        "mean_transit_min": 3967.5086184810916,
        "mean_wait_min": 7685.407698225046
    }
}