{
    "instance_file": "N100_V050_I068.json",
    "N": 100,
    "V": 50,
    "Q": 42,
    "strategy_solve_time_seconds": 30.29318141937256,
    "metrics": {
        "policy_type": "Deterministic_ORTools_Evaluated",
        "N_simulations": 100,
        "deterministic_cost_benchmark": 1357.6666666666667,
        "mean_stochastic_cost": 5363.206661758964,
        "std_stochastic_cost": 255.4539590223328,
        "mean_hard_late_penalties": 0.07,
        "std_hard_late_penalties": 0.25643239997624273,
        "mean_service_efficiency": 0.2552671711465287,
        "mean_transit_min": 3911.6511769082676,
        "mean_wait_min": 8902.268382973902
    }
}