{
    "instance_file": "N100_V050_I004.json",
    "N": 100,
    "V": 50,
    "Q": 44,
    "strategy_solve_time_seconds": 30.057345151901245,
    "metrics": {
        "policy_type": "Deterministic_ORTools_Evaluated",
        "N_simulations": 100,
        "deterministic_cost_benchmark": 1310.6666666666667,
        "mean_stochastic_cost": 5119.774366816278,
        "std_stochastic_cost": 13.373748309924299,
        "mean_hard_late_penalties": 0.0,
        "std_hard_late_penalties": 0.0,
        "mean_service_efficiency": 0.26321362623971717,
        "mean_transit_min": 3816.4858694974128,
        "mean_wait_min": 8456.146759463307
    }
}