{
    "instance_file": "N100_V050_I007.json",
    "N": 100,
    "V": 50,
    "Q": 44,
    "strategy_solve_time_seconds": 30.015520095825195,
    "metrics": {
        "policy_type": "Deterministic_ORTools_Evaluated",
        "N_simulations": 100,
        "deterministic_cost_benchmark": 1329.1666666666667,
        "mean_stochastic_cost": 5297.8806963480365,
        "std_stochastic_cost": 456.8652860104281,
        "mean_hard_late_penalties": 0.21,
        "std_hard_late_penalties": 0.4560480215720687,
        "mean_service_efficiency": 0.25739210900572174,
        "mean_transit_min": 3879.3555894579213,
        "mean_wait_min": 8177.246970538354
    }
}