{
    "instance_file": "N100_V075_I082.json",
    "N": 100,
    "V": 75,
    "Q": 29,
    "strategy_solve_time_seconds": 30.152416944503784,
    "metrics": {
        "policy_type": "Deterministic_ORTools_Evaluated",
        "N_simulations": 100,
        "deterministic_cost_benchmark": 1759.6666666666667,
        "mean_stochastic_cost": 8033.890925763629,
        "std_stochastic_cost": 674.5652347554261,
        "mean_hard_late_penalties": 0.78,
        "std_hard_late_penalties": 0.6753973764841082,
        "mean_service_efficiency": 0.17543361865625431,
        "mean_transit_min": 5685.659543073599,
        "mean_wait_min": 11573.158964627375
    }
}