{
    "instance_file": "N100_V075_I047.json",
    "N": 100,
    "V": 75,
    "Q": 28,
    "strategy_solve_time_seconds": 30.075864791870117,
    "metrics": {
        "policy_type": "Deterministic_ORTools_Evaluated",
        "N_simulations": 100,
        "deterministic_cost_benchmark": 1817.1666666666667,
        "mean_stochastic_cost": 7554.054234072866,
        "std_stochastic_cost": 197.70980747143324,
        "mean_hard_late_penalties": 0.04,
        "std_hard_late_penalties": 0.1969463855669324,
        "mean_service_efficiency": 0.1684996037439613,
        "mean_transit_min": 5953.721720271386,
        "mean_wait_min": 11837.377785686445
    }
}