{
    "instance_file": "N100_V025_I071.json",
    "N": 100,
    "V": 25,
    "Q": 84,
    "strategy_solve_time_seconds": 30.01386070251465,
    "metrics": {
        "policy_type": "Deterministic_ORTools_Evaluated",
        "N_simulations": 100,
        "deterministic_cost_benchmark": 1078.1666666666667,
        "mean_stochastic_cost": 3009.5427027646165,
        "std_stochastic_cost": 239.24939286757564,
        "mean_hard_late_penalties": 0.06,
        "std_hard_late_penalties": 0.238683256575942,
        "mean_service_efficiency": 0.41990456754854383,
        "mean_transit_min": 2379.4653478051705,
        "mean_wait_min": 3888.813618448894
    }
}