{
    "instance_file": "N100_V025_I008.json",
    "N": 100,
    "V": 25,
    "Q": 90,
    "strategy_solve_time_seconds": 30.01275062561035,
    "metrics": {
        "policy_type": "Deterministic_ORTools_Evaluated",
        "N_simulations": 100,
        "deterministic_cost_benchmark": 1065.1666666666667,
        "mean_stochastic_cost": 3571.0990912701113,
        "std_stochastic_cost": 611.1301210178963,
        "mean_hard_late_penalties": 0.47,
        "std_hard_late_penalties": 0.6105966613307698,
        "mean_service_efficiency": 0.42480965107981,
        "mean_transit_min": 2348.180024501675,
        "mean_wait_min": 4641.205267162784
    }
}