{
    "instance_file": "N100_V050_I021.json",
    "N": 100,
    "V": 50,
    "Q": 42,
    "strategy_solve_time_seconds": 30.01720094680786,
    "metrics": {
        "policy_type": "Deterministic_ORTools_Evaluated",
        "N_simulations": 100,
        "deterministic_cost_benchmark": 1366.1666666666667,
        "mean_stochastic_cost": 5095.685605950813,
        "std_stochastic_cost": 241.05357094849307,
        "mean_hard_late_penalties": 0.06,
        "std_hard_late_penalties": 0.238683256575942,
        "mean_service_efficiency": 0.25816477759329504,
        "mean_transit_min": 3869.099835905588,
        "mean_wait_min": 7991.536773171863
    }
}