{
    "instance_file": "N100_V025_I059.json",
    "N": 100,
    "V": 25,
    "Q": 84,
    "strategy_solve_time_seconds": 30.014070749282837,
    "metrics": {
        "policy_type": "Deterministic_ORTools_Evaluated",
        "N_simulations": 100,
        "deterministic_cost_benchmark": 1039.1666666666667,
        "mean_stochastic_cost": 4049.153776132036,
        "std_stochastic_cost": 886.6158383960525,
        "mean_hard_late_penalties": 1.06,
        "std_hard_late_penalties": 0.8855746294030922,
        "mean_service_efficiency": 0.4185256200359757,
        "mean_transit_min": 2370.4967704066644,
        "mean_wait_min": 4105.092657891312
    }
}