{
    "instance_file": "N100_V050_I038.json",
    "N": 100,
    "V": 50,
    "Q": 42,
    "strategy_solve_time_seconds": 30.016345977783203,
    "metrics": {
        "policy_type": "Deterministic_ORTools_Evaluated",
        "N_simulations": 100,
        "deterministic_cost_benchmark": 1368.6666666666667,
        "mean_stochastic_cost": 5801.5740372727905,
        "std_stochastic_cost": 641.0492820697999,
        "mean_hard_late_penalties": 0.66,
        "std_hard_late_penalties": 0.6391281940932104,
        "mean_service_efficiency": 0.251580277289005,
        "mean_transit_min": 3938.760118680137,
        "mean_wait_min": 8223.536567195537
    }
}