{
    "feature_names": [
        "Bias (Intercept)",
        "Norm Demand (Unvisited)",
        "Norm Distance (Closest)",
        "Norm Time Left",
        "Norm Time Window Tightness",
        "Norm Fleet Availability",
        "Norm Fleet Capacity"
    ],
    "weights": [
        -152.63529843788353,
        242.25000377216472,
        -90.14932710785283,
        107.08271528116714,
        466.93929167193727,
        92.38390639470703,
        56.3784827406892
    ],
    "global_statics": {
        "max_global_demand": 1752,
        "max_possible_dist": 141.4213562373095,
        "max_global_vehicles": 30,
        "max_global_fleet_capacity": 2460,
        "time_horizon": 480
    }
}